TwitchName,Streak
flyann,23
rhettybear,52
jyuratodus_enjoyer,110
iioniix,21
kinshorin,94
onionalchemist,59
venro27,109
darkrai_drive,146
chokingonrazors,21
acidanam,36
miimo_co,124
ganymedeprincess,30
frankieblankie,30
lunamari_28,144
lazyjoe326,121
ravenghoul55,145
anoobisk,146
umbreonedu,139
sankano,46
nugbones,140
dahgraz,77
blindcrikket,18
steshii,146
darlantan_,129
nobachono,145
freak_moth,139
gatlabat,42
zapperzen,39
mister_aa,146
pretzelhaus,146
randomnpc445,140
somefalcomain74,146
dabtec,134
skorp_der_skorpion,3
chefmh,66
bean_professional,35
tameggy,146
don_danko,144
valkiscalmor,146
rubyraion,9
dregbul,18
frognap,32
tartusbiscut,8
aubreebree,146
drakonianjake,17
gorilladimension,123
masamune_shadow,146
tyjiro,2
nzechos,134
miketroidprime,27
radispectre,91
daviidgeese,125
indormationn,7
icedjuice_juice,2
wysh46,76
prouddumpling,3
krsx360,146
dorokumo,26
lorenxix_dagmos,145
fidelis_el_pez,14
lordnap,142
someanna,136
clancy226,116
letouriste_,141
subparcitrus,146
yosayoran,139
rightjackatya,1
thefiggypudding,136
weelumpea,142
werkenheimer,145
maypheus,68
spritestar0,11
brebbabreb,100
bulbear_horror_peeper,55
magic0,11
lednael,144
ropsu33,142
aracuya,26
jodgemoot,28
juicehue,69
teasetmonster,1
chillcat6,102
seistrall,141
merouln,104
emerldd,2
chunkykong01,13
mickynoon,113
kuchitotv,2
odimoody,5
soupslice,146
johnnyhoestar,4
galaxyrocketeer,145
nme64_u,3
mwb51,146
dewqu,146
nuggles,17
peacemaker76,126
striker2698,31
strawhatsasha,41
s1mply_b,146
sksolo_,12
mrayeee,1
makeshiftowl,34
karma61106,4
zabiruman,1
gabriel_dot_a,62
huminoidbeing,8
benito_bodoke,24
elethia29,134
jellodeon,6
elizagirl,42
sadydoodle,1
zlagowanymusk,12
cracktorian,21
squishy_1801,1
behavey,146
austinv,8
gary_the_gigagoose,32
frostelus,145
bulba3,6
mr_wallace97,76
undefined_n,141
eeveesaam,6
alollypoop,146
jinjinora,13
nohzro,25
risktakerbob,87
danjjak2,34
lillykohai,12
ohtaco_,69
scudhs,145
anni_sabi,1
politesl,30
doodoograndma,139
vakamalama,11
kazucchino,138
sevenyearsofbadluck,8
ruby_rainn,32
gnaryamanobe,13
nineb229,24
maymrow,79
derupiko,146
tronop04,129
pepper_mint5654,80
cozmickitten,1
darkgaia64,144
glitzychu,11
codename_eazy,3
sillysmegmaqueen,1
shellsho,107
koopakida,27
humilty_f,2
umenen,27
tykeeee_,141
dustin0690,28
alfredogx,126
krephyl,1
eepyduck,5
kaiochi,37
knightfrodo,6
jiyou3,85
cringybingus,1
moonlight1337__,21
ashlone16956,135
stinky_toefu,101
mayamagala,13
astaloss_for_word,125
treegk_,145
kinetickyber,58
apektako,77
gh0stviper,29
feartheswarmm,124
benjydamager25,36
kickya_lipsoff,3
streamington,2
lav_enderz,28
norolympi,2
wasteless4,1
omegaerick12,114
anormalvampire,144
phantomcrow__,44
whathahell,90
aiexfive,28
bimchmachine,55
bokimari_,1
elzappallo,32
n00ml00m,6
itsjustcisco___,21
magicmayhem247,2
ruler_dia,145
leaeif,2
punymagus,6
nickelbits,21
artophobic,55
bijoutheocto,14
im_not_smiling,15
wonderdeluxe,145
ebberry_jay,16
s1mpington,1
oliiioliii,133
spooke_ghost,63
wendi_witcch,2
euchre__,71
chape_verguenza,14
killer4free,142
regularamoeba,121
yuca_,18
bebopspiegel,6
spegani,6
treechenho,143
notcodespr,4
shaydas16,2
mmhlukas,24
araviiir,124
doryk_krystania,146
endermadoshi,146
jomjoj,91
fenthescuffed,13
greatzucchin,146
raijin_hunter,140
bissenkhan,10
swingecko,13
iludude,9
mornafah_,9
johnlurv,6
fizzishdraws,1
mizukipotatogirl,1
seven_9art,24
nyaggles,3
frnd46_n,1
repeszy,10
stonerfujoshi,1
exoskellet,11
missbehavey,2
jiyou2,2
waterhat_,1
j0hpa,54
lightningdancer32,20
ratofwisdom,138
toto_yep,47
justanotherone,3
chumbucket66,18
truboooo,57
asamushi,53
orson_seven,8
tawy23,54
ximure,47
brachyking,5
flamingosamiright,22
pluttergub,7
maxinglife7,10
novachrono39,2
vvenergyvv,15
fritzfritzlerfritz,14
whyialwyaslose,100
crazykitty357,20
pablomdli,17
shinyskoll,2
nobauchono,1
chebird_,29
randyrandom13,47
take_toss,50
bigmacalligator,7
torkcoaldude,27
karldekrab,2
h_jkl,7
demonicsquid25,19
collectiveeffortgaming,38
gretchup,30
erinlock,8
your_idol_ringo,25
bladevirtuoso,4
squadcammander354,12
motekilltv,5
mudkip1013,146
gewahren,1
arca776,57
taakayuki,29
raiden603,146
ringognir,134
angelic_uriel,3
lordfartamor,62
critical_fist,41
solidst,97
turbomatth3w,9
shai__,1
ultimate_merou,5
sgttin,102
darksoulsnoway,70
dillionmuse,7
kimizuka,11
5ahead,2
spellingisoptional,7
sealingclub85,8
vylonaurum,57
cheezychopper,1
banacizo,33
mr_charr,5
fblewyn,146
ninedragons4135,14
crepersaurus,7
flipsside,5
boigahs,45
whomuo,22
definettlyme,145
c_fear,37
c0relex,10
cloudfox10,4
zsxdfv3,4
wheatbix2258,6
texas_reed,31
melonstorm,123
koune_samson,115
jiiiiiii,25
zephyrblade15,70
zunnlv,3
stonekroc,9
snakeshot457,111
riknaido,2
isaac_pena96,2
fiasco077,12
huebmayer,24
aiirstorm,17
ilovefishing357,84
namedsword,1
pineapple2142,136
emmytea,11
dragonfireft,4
tenasu_,144
sanikadse,7
izayoirenka,33
spenerico,23
pleasantfinn_,4
umiforce,4
justthejester3,102
aroknayias,121
espurreon,1
r3licsavi0r117,74
brambutterham,43
emohippie_,10
inuush,5
gzusvevo,13
honeyteastar,145
amy_chaqueta,134
yumikomatsumoto,9
biggestchees3,11
doffusofapocalypse,6
pig_aw_maan,4
airemv,8
pinecone_pink,11
alexinabyss,45
katzoka,93
maidmagedev,12
nikof309,75
stephyesterday,9
0dankeks0,8
mbkierann,3
tardigraded,2
panfishi,17
fierah,5
gamefan6219,90
fiets_freek,17
kayonis,17
prof_nj,2
deputy_x,1
colewastakenwastakenwas,1
erp0,34
babyslamdunk,59
pippinotter,1
blookydoopy,25
legianaaa,51
snekond_place,1
cargocrabs,13
miffibo,70
thesren,8
1valt450,2
j_novice,61
mxgnxto,10
misterch1p,100
saltlevels,3
chadderbug136,139
tj__i,1
wooqiart,17
buribibi,1
mrwolfkinson,3
kiki_dae,13
lagiacrus_gaming,118
wunaris34,72
striving4perfection,57
mosstonic,16
kiyava,92
hughboi_,129
bugwinn,13
lucscarabaeus,6
blaze0619,10
isaac27th,5
retailemployee,5
thayr,6
bigballzacks,5
beancaken,16
dragonzbw,3
alphis_lol,11
demian161,11
abiorugu1,27
ronnie_sunshine,6
guaranajuiceboy,29
dwifter24,83
sup3rspeed,17
blueocean2121,26
thedontpanic,21
deathdiamond15,1
al_ex,7
s_plus_trust,4
galaxydusking,18
evastingray,3
knitted_ghost,1
tsukuyame,2
bichrom,41
lord__nazgul,13
pr4ct1c3dummy,1
uiski_mohoso,1
enderinstore,3
galahad3055,28
coffeeandbonfires,22
mesmero13,1
unknownburrito02,141
xanntheose,1
wezaripoto,1
vladimir_order,4
andr3w_st3v0,1
auzeroel,8
abys5all,35
tea0s,29
virgilee,4
goreshimaru,121
haunter013,17
karunewworldhunter,14
kitragnell,4
popoon,7
nuzell07,31
copametic,36
mrquin4761,1
zazuleafer1,32
marquis_von_k,7
tozerific,134
wintorn,26
sijaxbones,88
biribolho,9
bigmoney_jim,44
velcontill,4
dragoneph,7
witchhatsalem,30
extra__thicc,53
esmaeuvu,15
akaaryu,5
brinsingr_,8
mediocremonkey,18
pachapequena,103
luminechoes,14
ztarztorm,18
killerbill127,1
fuzzyybones,35
magicarrowgms,25
xtrastarsalt,23
cherrydork_,4
iboltmyself,30
thehipsterdoofus,4
ayautopia,7
danmanchi69,1
doodlesprout,23
yaltabaoth,23
explosive_nebula,65
apollo13a,32
frakendeed,4
sswalrus,2
flowerkami,36
thepiratecommander,11
frederiquez,13
dazekaiser,4
bonqokill,91
windycadence,10
fluffpuff420,32
magicalflamingpyro,1
oldkernun,2
reshimommy,1
ciekawypl,95
hexacockadrom,2
kalash_neko135,1
stone600000,6
lllumo2815,9
forzeth,4
feznicc,2
charredmelons,4
billrex7,121
trevr99,16
justkiddingonthebeat,1
datboidoindading,122
bigpeepus,7
verlama,70
mavrynth,3
thefrankiemorga,5
carnobro2,47
bobcat_named_bob,32
dannyg359,99
chunky_monkey67,11
skozthewalrus,5
hifin,6
zae_ya,1
mmhmm,1
mtavvvv,24
yobri_naps,1
qpkappa,1
brachydx,3
azadara,7
arkange_hs,1
chefbulla,1
setototo,2
inkquest,24
sun___3,3
niche_quiche,24
natezsilli,5
zeoplez,112
animio,18
buttbag__,30
ochreous,25
pompabless,22
yatoyatoyatoyatoyato,10
mrlammb,73
mussul,20
altotenor27,3
tohthom4ss,2
chilledlawngnome,8
cyclopean_author,1
noxtuk,2
professorkabooom,33
goxid,13
morrowsaurs,125
jl_uhhhhh,1
turkkuli,28
chillybeanie,2
faehamburber,3
97n_n,1
deadkid0,7
lazy_annah,2
shademist09,1
krakilipigas,7
cute_pizza,1
mr_minionman,6
iamalonelyboi,1
doodledom24,23
stelios__,1
reesch,24
untio11,21
typclsean,14
oyasumiyuni,9
ookam1_ren,1
k1dn0,5
dylanrem314,16
mokasoyeux,6
lavren,18
noriako,17
kitkatmeowskis,9
patchwork___,10
bigboiimitch,5
poiz117,27
calindaro,1
choicesuperg,2
kuunmh,60
seb_arachne,1
slitsampler10000,5
squishyytm,3
loaf_live,1
blackishbro,3
doot_bear,2
fat__unicorn__,77
lord_klugi,2
arnielvrz,1
lcolonq,41
thatuhglylizard,1
unsackodemaiz,48
chilidude111,41
fitz777,8
pokelover46,11
themogrymilian,43
stara_wrona,1
tomnotcalm,29
ness_karrs,21
lolinroflcopter0,1
lonk_from_hirool,2
dapperdolphin,82
sleepybalrog,12
smetana_warframe,1
jerendraws,24
gyozaeatingmachine,1
ahenlu,2
fronpeman,6
dankdnb,1
iwanthappyplz,88
skinnyisntreal,7
densto__,18
slimecy,60
antserr,16
stardax229955,121
ilbasu,80
brenzgaming1,20
foolish_lad,84
siferoh,4
jari_butfr,7
da_blackone,5
twomii,30
tonyk_nykton,9
barbeless,4
terrapin_turtle,49
elder_lemurian,8
centzonmimixcoa,111
straightfubbernucked,2
wuudwuudwuud,2
qtiphdtv,138
seeqprotectionsquad,23
alxice,15
zuizzze,52
shindigs,6
nevy4256,1
sodsboy,5
lexooooooooooooo,5
sumsum213,10
wingwinder,17
xblessedbullet,42
mlondo420,1
nephpkmn,1
xion723tv,14
chr0nogear,23
phrysmatica,4
karma_qpt,23
edl411,4
milk4634,5
darkage2123,5
soyujira,2
rojas_xd24,59
motherfartz,2
finnspace0,34
akirohaeresis,29
the_spirit_king_,19
sonicgore,1
lyr3,1
lucashannah13,2
jonjon123321,104
mask13000,1
miggy17,19
implicitsnow,20
neslightgun,2
ascendedgoatprince,23
lacruscadragall,44
gunzelino,1
squidiculous,15
gattonybarrle,6
psyionn,7
0iseaux,3
atehoneymaru,2
pangoliff,2
mc_arepa,4
sirarck,15
entenboot,6
m0rdikai,10
freak7500,1
sid240p,2
paroxysmol,1
gazulu,17
the_laz1est_one,7
zergloo,17
kokoa_ne,7
lunamayarts,9
butty616,2
dungpod,7
sassmagna,5
mexion7,5
humanobean,4
micrononline,75
urged_art,4
blub_2002,13
rohgaun,3
soggyborger,2
danghoser,3
rowshinz,2
spin0raptor,1
noodlesxl,1
kenwolf12,6
webe_en,2
xwarllordx,3
gimmyjibbs_jr,1
thesubspaceemissary,1
squishy_mints,68
zeezee_i_like_games,1
lang_feist,6
crownless77,2
archangelgabe03,1
iamkonsoul,2
narcelomarte,4
extrasensoryvt,12
coffeebara,1
tyranator_ultima,2
gameplaya211,14
roaringsurge51,6
emmeyo3o,8
debilinx,4
rockieroach,16
stout20,1
thehatmaan,2
doigswift,1
gabrielgray65,1
bulletproofk8te,1
cagetheraven,1
madowin,7
sirbooptheduke,1
xenophanes420,1
eremitaldraws,3
chompstercomes,1
snootrags504,1
captsinister,2
teranyll,3
cannibaldaddy69,132
terra_wulfric,10
cowbats1,3
lewd_tuna,13
sciencegeniusgirl,20
slenderboy303,4
ringdald,12
remy_vdb,4
finefone,7
jimbojoe,24
b0utellle,1
little_feisty,4
apex_potato69,3
hebihydra,6
donkeykongatd,2
xfrostcross,6
threeeye,2
vanlir,7
yougotsaucept,1
retrison,5
the_fish_that_is_blob,54
fajosu,1
eraseroftheend,7
mr_hunter,4
mdxcai,2
ze_spyro,10
nick_thefox,21
shadowfan16,131
glowingbabyhead,53
goodzila2000,1
tavo_show,1
myrngsucksyt,1
clockpip,7
supervinny24,1
heliomiracle,1
xxdenohunterxx,1
numerousbugs,14
huanglonggaming,3
ripporoo,1
a_leafar336,10
cro_docile,5
char1zard1999,12
young_giraffe46,1
gr8m8n0h8,10
sharky_socks,4
greaseking69,3
luckymist8,1
ashiyarn,12
durbling,21
thesaimain,5
frig0rito,35
llamabbq,2
indiango,4
wildgeese__,5
kiskozavrxd,1
tuesdayyangel,24
cignus12,5
kippysyaboi,4
kenosisiv,2
strawbabe_,39
shoeplastic,3
smolmaco,1
unreso,2
goobypoggers,2
ladyoouf,1
nichetopic7,4
dingeldine,9
alegranderotv,1
jxsten_twitch,1
blagentbubbel,1
roybelmont357,2
piraterpups,1
fuugiri,1
domybolt171,2
scoutxm,3
scythethebloodege,7
mitthy81,2
beedee2555,4
three_raccoons,5
breadfiend12,11
gibbuy,4
verraze,20
spooky_frogs,11
socially_awkward_peacock,15
steamybuttcheeks,5
wesleykhalil,3
monsterhunterproo,13
overmachogrande,19
gneurshk__,8
mongolianchophasegawa,28
slughorror,1
chubs1524,4
corsolathegoddess,3
johnmonsterhunter,4
bi11thegreat,1
redtheslayr,4
bezerkjezerk,3
maayrex,5
noodlearmfox,1
pyrianna,1
sb_phantom,56
tangurang,1
goshushin,1
phil_futhum,5
nexusgoji54,3
merinomaraschino,6
nanashi237,7
ventoaran,4
chiblii,3
the_scribbled_giant,11
chaoticconor,6
6thistar,2
kamowastooshort,5
eznogoudd,6
ernst_reinhart,14
mothymayh3m,3
2slimey777,59
sleeby0,5
drecknath,6
cheerful_rice,7
hollow_701,1
fraunchtoost,6
heisenberg384,9
mahktheunyonlord,37
gatozx01,5
cocoprismorectangulogico,7
dragonfyre342,6
benineight,14
jerryepipen,6
examinedyeti4,20
propermonk,120
zysta_,3
denchom,3
pdkingy,2
akabadass,2
gambagor,8
skyisfine,5
am_i_a_goodbird,2
xkingofimpsx,1
dalektheperson,3
steeletheshow2,12
yadaco00,2
refia,1
lifeisbad1,1
noxi1_,1
inkedbantam,1
zefanyadk,4
hunter46_,10
ragtoros,1
frostr4z0r,1
nonnon_nonnon,2
emporer_empoleon,1
euthyone,1
flayncel,14
daemowl,1
sirpoogie,3
sheenaleite,1
n1c0la1__,1
obey_rpls,1
devilmoth,8
mhninjabear,17
balthasar_de,1
akutoske1,1
aguscarar,1
blightyoverflow,3
de4d86,1
xbagit_,7
lorixlottie,1
locovanvan,1
mdj8000,1
fer1323tcg,4
memeredeem99,38
silaxis24,1
classyhats,3
orangeblade25,1
aromaladyrhea,98
normanpackernickle,15
youngn8loody,5
hatsforbears,1
cosmicxion,6
daltonreduls,3
projectmanatees,125
b026,1
maxiquiosco,1
thesynchrogamer,1
kaeidzuka,7
beef_,1
hatatlez,2
ryuddo,6
babyblueford,3
missspiritwarden,2
luxxisdead,1
500cansofsoup,1
shade_stormfang,3
raptormaster26,18
bedeviledsundae,1
willywumkin,4
48salt,12
nobine36,1
pweena,3
hourheroyes,120
octorinski,2
mr__valin,25
elehk99,21
eed1_evilsbane,1
lupin581,11
centurionboy,2
wingl3ss_,6
wghaaat,1
derpujoizu,7
elevatorup,83
brungibuns,1
ghost_plasm,2
jayjaybat,10
helldogjr,1
emerald52105,11
reesemeister,1
skuntty,6
suddzzytv,50
katzusha,1
azarielart,1
tsumurisnail,5
queenenigmaa,1
ungodlyaliencreation,13
knucklesxtra,1
cistometal,3
veccabot,19
syphy,1
dusty_munkey,4
exceldeadsheet,1
cactisanderman,2
vapor_sai_lulu,12
drunkenfistjutsu,1
mystfang99,1
arvyn04,1
butt_fungus69,2
negurisenpai,1
7020olim,2
durpypig17,82
trombonehunter,3
moohaamhead,1
im_going_goblin_mode,10
scum_lord69,3
tafidaigon,11
manwiththebook,1
jjman87,1
reimureal,8
potatorow,5
creatrox,7
cohoonter,1
loomfie,2
mr_person_face,15
bringbackbulldrome,10
snorl4xxer,3
borrachinhazinha,13
solcram,6
yoshikawahara,5
argelschmargel,16
k3lv1n_51,1
scoot_scoot,2
lui_0153,3
igeljaeger,1
blooncknero,2
dicoray,134
ran5z,136
chai_yai,1
ninjatai2,1
zalysir,3
com986,1
skeleton_enthusiast,3
noodle_man0223,5
nioykak_,20
sisnax,14
frostfall4,34
lcplbeans,1
etherpref,1
curvyhonkglove16,1
alex_lxiv,3
harryhaidao,1
foofooakio,1
ctdxii,62
assaultengineer,1
th3n31t0r,83
darkthehunter_,5
whitergx,2
ciriviel,1
carcusm1,2
prince__b,41
rroggr,23
orcaking_gaming,1
akurohann,8
deagonick,1
naevaholic,2
actuallymeta,4
memeslol504,1
numbbi,13
bareyoursoul,13
zebrastripes,5
linyevi,3
mehdog101,1
criticalsora,20
diggsano,2
yahoowahooey,8
jellykitsu,5
matthaidi,4
parovoxx,1
themediamcguffin,5
rhulkthedeciple,1
cptstranger,3
razz_666,67
leontious,1
zenithfe,2
uhohsp00pi,6
blue_aries_103,5
wriyft,60
trill_flaneur,1
ostryruchacz1939,7
omegnnog,11
albionwt,1
orangeishere,2
cuadragle,1
thatrandompsyco,1
utako_nagai,2
sucodechorume69,1
medi_rei,1
cheezits345,3
boommag,5
scarcyclone2,2
thesoggysheriff,5
muffintanktop,3
labertaler,1
grassbeat,1
stryluxgaming,1
dieter_meier,1
jeggra,7
redlor37,5
sachiros,1
xaphyire,10
cousinchal,63
axeinthebush98,1
waterrmann,2
quwrof_nv,1
reinsch_0mega,1
cataclysmblade,1
firepik,8
zerogravitywarp,3
derpypenguin12h,3
aprettyrose,7
drasticd,1
terches_,1
sacaai,2
thebobrchatter,1
greeniiii_,1
xcinnabunii,1
fuune,90
lalalucia_,8
i_like_pokemon500,1
myonlypath,2
elpollazo,7
rustybucket111,23
smol_bananya,7
burstingrock,1
mrtedgtx,34
ethanoyster,38
lupapopapo,1
ijustshotabirdie,23
silvershura,1
fessbc,15
smashbandicoot,10
kill_all_nerds,1
0atmeal____,15
lumo89,7
big_artistic_daddy,5
lalafellgaming,1
tdeadest,17
lucky_7302,1
popcorn_36,2
kalium727,2
roobere207,2
axehardt,19
goopdidoobgoopdoobdigoop,1
blaster720p,2
borbelli,6
luckerchee,1
giohm77,3
urboycabbage,1
izzy_slime,4
carocaro4,3
tank___nambuff___1926,1
abele123,1
juice3078,27
kosmosze,16
xmaxx115,1
meowmeres,1
chocoratedisco,5
existent_being,2
omnishots,1
mholol,1
kennidude,1
kuugu_,2
robrtsql,35
peachiestprince,1
kurimaydie,8
zakkazu,1
space_truite,1
killeon,1
soupostrich,2
jfkgamer,6
adamontheboat,1
krackatoa0,1
spectyboi,1
cooperjknapp,6
katsuart,5
vigeneres,18
korinn12,1
lyridiastarwalker,1
xxaccelgorxx,1
dissonanttheory,5
adrunktom,15
bananaenjoyer50000,9
wulfric_2,4
zavlack,3
flodinmog,13
tokyoghoul1170,1
hullos,1
cryosemtx,2
okbok22,1
mbgov1133,3
mh_jems,1
qumcuzzler,8
mako109,83
emptyantics,10
bigsmonk443,1
pando_mustard,52
master_blacksmith,1
teku2001,1
sansfaz,1
eternitybox,1
k_anga,3
wolfhunter400,1
miranai,8
tokyo_000,1
silverfroste9742,1
pokaari,2
stylishinput,10
alchemyknight,80
yurihakashin,6
watersunportal,44
thedapperturkey,3
itskitaru,1
spontonk,13
xzydg,1
shiftygoober,1
kagetaka447,4
graffatal,16
the_maco,1
itsjustcisco____,5
niralius,42
drunkenwalrus,3
adabanaexanimate,1
awichan_,7
orcerf,2
mr_pollo0,2
danarqtc,3
eaubfog,10
crisissoul,3
applen,2
thetaxicab,2
v3ine,11
lunarbun,12
rebeckeronie,2
sakunyeh,1
cardboardius_,32
rayvax1234,6
raisins4life,6
imsnakewood,2
crazytatsu,1
aquablaze624,1
shaggser,4
puhhunter,1
thegrandslam2002,4
mechaluffy,1
uncr3ativen4me,2
armindo12,1
mikoino,1
kaffeconsumer,4
blakeroni155,5
lucas_rubens,1
cheese_burger_man_,40
nochantz,2
flambe34,10
capsulecomics,1
acro_hanbakka,126
not_sya2805,1
ballbreakerguitar,1
xelusflame,1
chercho,21
ravenheartmender,2
demoncsquid,2
jestervance,19
masked_reaper00,18
mettamarco,1
owpidagoat,7
bee_eater789,4
kaizroni,3
webe_ne,1
firewing2424,1
rh_sem_h,1
wisteriahisteria,1
picturd,1
jamezen__,1
lominslive,12
tinpotvevo,2
conceitedr4t,2
rowam_,1
demidgetwaffle,7
cart0115,1
yolkkyandalive,3
cookerbagelnog,1
monkeyspaws,1
uhnoobus,8
toonagii,33
karl_newman,1
myrinsul,10
dongwater23,2
artinlagomera,5
king_ikari,2
biglizzardo,7
arururin,4
pj2234,3
kai_den,1
fiftyfpsforest,1
danvancat,6
odoso_,101
danklindroosevelt,27
bombadgy,3
crimsonfatalis,14
maldybred,8
nanekons,42
ojcamps,5
freakytatsu,5
fluidauri,2
mathod,2
wholelottablan,1
smartt4731,1
zobirismage,7
dewottmaster,1
typhoonexe,7
schnauzera2b,1
cerbyss,15
blouelink22,1
strelly,2
fwostewus,1
stickwak,1
refractedglade,2
ovroc_la,13
p_apple09,1
orbyboi11,22
zettarm,1
ticklemyudders,1
mccleric,11
griffinman6789,1
fearowguy,1
ghuibulus,4
kurathefool,1
kingpign,1
arkeiavt,3
pokeymcfork,2
shockandawh,9
vampyrprincess,1
anthonymoke,1
drey301,1
nnauka,2
luluugah,2
hyperruki,2
vodkanyan,3
arbaddon,1
ormyllp,2
samurainx,2
spectrums909,9
sungats,1
nebula9696,1
heytrey_live,4
tentacletimeeternal,1
di3beezy,1
cheyerba,1
aeric93,2
yttlion,1
blerpe,2
mariusv9,23
clairautomata,20
andrusouls,1
ve__s,10
rubistyler10,2
vonvante,111
cantillasz1,7
rikiryuu,51
sund_tv,2
keylithe,1
semerity,14
balenciagabadmane,1
rikadeusfurude,3
atticusory,1
weathersar,10
fabio230,6
afraid_of_shopping_carts,9
kibathebarbarian,2
progaius,2
doo_lyss,3
kale7345,4
kumenahobbies,1
whitecatbeats,2
prowl102,106
catulusvt,7
kill_lazaro,2
barnedion,6
meatloaf231,36
notyourvet,1
dabeau96,48
supersonic_675,2
lordsemill,1
lategmaker,2
carter_qwilburn,1
ahmad_faiz71,33
sandymannos,1
big_pidge,6
arcravine,6
lab13_media,1
thencyclopedia,1
pheeven,2
confusedaris,2
quasheck,54
telraks_,4
th3ultimatehope,17
void_slug,1
figaronewtyn,6
sleepy0ne_,4
livelydawnshadow,1
tarnishedgoon20,30
balthizord,10
wobbles456,1
sentientdino,54
gintax211,6
lunalaie,11
imckys,2
jesta913,6
va1strax2923,1
bakero2111,3
shakarak,13
investigatito,2
siutstarshine,1
glassesjournal,6
rophuhn,1
otetas,1
distractedsenpai,1
zapallo2712,1
deviljherma985,1
udreamatei,1
smilky,1
obkworld,1
hectorconcarne787,4
zaleys,1
vgm4rkd,2
silversaiyan0527,1
codanimo,66
zantly,1
morn91,8
transtankiegirl,48
lordsandrilas,12
tirsod,8
dafunqjoker,9
gamer9536,1
boviburger,1
kingdomkey12121,6
kalvahnr,1
omegalid,1
chowdah101,26
themeekwarrior,3
shippo104,1
andres_douma,3
deathbybiscuit2,45
scitto_,5
butlerofchaos,3
dillpixell,4
noivern1324,2
operationpyrite,3
greenteayuna,3
alureon25,1
graus_graus,2
newageretrodev,2
sabrith324,2
o_osha66,2
valrum,3
faykongchi,1
brettgrell,1
fuzex64k,3
swingingbi,54
basura_sama,27
trunikcy,2
rubydstn,4
violantfrizbe,18
actuallee,1
xenobilby,55
limbomaid,1
goera84,1
ch4rmand3r101,90
dragoon8165,1
kuruwwww,1
sakurai_atua,1
vuodir,1
rakeoss,19
mrmr1019,19
penultimate12,4
ultrachingon,1
hboson,7
riverbeastly,97
happymuramasa,102
gloore,1
jin32cs,1
pasta_pie,2
scaream441,1
inpaladin,1
nocxii,36
mr_az123,2
kyleeff,1
tri10tv,1
bardic01,28
fomarius,91
lotimjb,7
gahara_dot_txt,2
krxnchie,17
adawiya_rolan,17
number_one_ben_hater1,1
asuravolt,22
meatypack14,1
ketthefox,2
bezelea,31
loyal_snafu,81
mediumhatlogantwo,33
t_byteyt,1
saildust,41
chocolaids,2
jacobstrongarms,1
chamzymandias,2
canidaex,1
anten,14
vicpinn,2
cheebins__,1
an1hony28,4
monikz100,3
zim_ek,52
ace_rimmer_,17
linnnya,2
canelonvegano,6
nosocksvb,1
mythicknight,1
yinisdead,1
rose_womeg,1
xepher994,2
planet_bluto,4
rocketisverynice,2
flowlightgames,4
tonileys,1
cormasc,1
orekiart,1
yapichuu,1
pawzroo,1
aharnabi,1
arka_nox,1
rappytap,1
hazelgatcha,2
chumbochumbi,24
yutasura,2
grass_37,5
jorbittheearth,1
popcool0lo,1
tenserad,2
gnomebytes,74
crimsoncryson,1
masterwholigans,7
paddopop,1
cheddar_man23,8
zk3297,2
mrsqurly,1
uber_uncle,67
daionvex,6
kappcake15,4
addieyikes,2
dynemanti,1
zarplechayu,1
rocksock_block,1
spaghettilord426,6
floops_en,1
kongaa_,49
realkristopian,1
stoneflasha,2
mugenheadninja,1
3dbyleo,4
agriashrothgar,1
ryky_,4
ajiqo224,20
doctertwo2,1
etsy,1
volturnium,4
sag_bast,4
tristate_area,3
bidziduk,1
thegluttonrules,1
lucamiten,1
jjuners,1
dawndaze,1
gmanofgambit,1
po_po10,2
bananasmoothy1,1
beebatscosplay,1
ezriccc,1
mrririre,2
seanthetitan,6
dovemist4582,2
jaaneti2,2
phullfury,2
svinorin,1
proxyakira,2
mitrill_0,4
chickennori,1
innapoda,2
jjoverthere,1
senjurikii,2
elpalatsu,3
mbartzart,1
slicedsternum,46
roselii49,10
syph3lix,9
salladdraws,1
pl00t000,1
h00dines,18
kainokiseki,1
boatnote16,33
los_asta23,5
ataxeno_1,1
meion__,4
tobi90800,68
millionjinn,1
quepongow,2
ggrenben,5
pixel_berry98,58
soupersad_,1
xj4cky,1
nyzorl,1
tsunee,14
springlegs,1
baitoart,1
jovegar,3
fancyplanks,1
crazynova_01,2
spiderfares,5
dunkwad,6
jopememama,1
thekeybee,107
sophieboo37,1
pineapple_152,2
pororoquiano,2
ashen_the_warlock,3
theredimsion,2
trisse22334,8
rozver211,1
waffuro,5
vicarrak,2
batida_de_koko,8
m3g4moose,1
motivaliz,1
griefybutcool,2
skrothau,15
wonderess_,46
pixie_sticks,2
thatqaunwalrus,1
vivioryfe,24
teriyaki_drinker,1
drawmarion,1
bombfqce,1
threefrogsinatrenchcoat,1
shilomg,1
remgremlin,1
ninjastarship,1
vicentec13,84
mer51less,1
mojomanmax,2
proohyeon,1
davidmalarkey,8
arkcresent,2
unfunny_asian,69
aaquinox,1
unfairbalance,8
bigmax______,1
merulu,1
ramdomhuman,2
shadow_of_erebus,1
jtosai,1
honkaloogie,4
flyingbroommate,2
thealmightylordchurry,1
faequeenapril,12
kyrokathebun,2
pwinnypie,1
fedora_toes,1
sanisensei,2
defileusfgc,7
ashsterk,1
marblejams,9
lexorraine,31
dami_syl98,1
zhypher503,1
birdiestboi,10
flagthemachine,3
joethepanda2,2
kalestormtide,89
mh_peco,2
hampusn1,1
iza_me,1
angryybot,13
realnumberj,1
nokchasky,2
jokerofspades007,17
nortdeoistrying,72
restoredhalo901,5
cozy_arsenal,1
justkiddingwithcontrols,1
electric_sphinx818,1
azurblau1,4
gooroyle,1
pandapickled,1
moonberryjams,1
monoya_,1
faeexe,3
caioguicastro,6
ony__,10
oliverreypea,5
lady_avery,1
pinothesloth,1
takebek,3
ayanami3,83
pomatov,1
tjlxlr8,1
artchiee,6
ashsxlvr,1
ziggxagg,6
yungmidlord909,11
ynot_b,10
siralexandercv,2
leaky_the_legend,34
cg_settlerin,1
robbyiss,1
dizzy_eevee,13
zehex_,8
cassimbrabo,1
etomi_,1
mavlsav,3
deyaasd,5
godzilladoom2,1
grasfor_ppc,3
butter_213,4
lazerbeams01,1
vamphage,2
thunderrei,2
nick2orange,1
lumpicecream,3
helilth,1
lobazinha,13
lunar_squid7,4
g04tz_,1
karasuni,1
sonikku_hedgehog,3
vixoros,7
requisjohnson4,5
artisticabraham,1
deadcaatt,9
vizz1n1,1
olifantpis,1
dulledd,12
glaaasi,33
shad0wwizardm0neygang,1
leyley39,7
mothysays,4
adimansgs,1
shibeplanet,5
actualhmantrash,6
xzeon_official,2
an_army_of_trees,1
adrielliveadriel,2
k9matado,2
sensei_yoyo,3
internauta___,3
came_raee,2
gtstuff,3
nomegnerico,1
holographic_jo,3
dosujagyi,1
albitten,15
pastelmarbl3,11
shagmanriseth,38
imcereal64,1
maaaaagmarrrr,1
lumpyice,2
poxaneomi,1
castzada,1
stemeche_,10
walbrewyrm,3
weewoomp4,57
cleytinhorp,1
evan_waffles,3
bearlybar,5
dragonrider4563,1
gahimlythegoblin,10
kotahraptor,4
vhynnz,2
de_gamer06,1
universe6_,3
nickname_306,1
novaticlegend,1
koper5573,1
shi_fuku,3
omega_wafflelord,1
sssatrn,1
lordkongos,37
sj_clicky,2
crisps9074,2
thegiantpratty,88
matheuxx1234567,1
tvstaticsystem,2
itsa2bs,1
dansim321,2
relampago_catchau,1
teratopositor,3
ornex55,27
mutisu,5
muurii_0,1
gratych,3
cheeseefc,1
slockymode,10
darkestday15,1
zofian_knight,4
deiiyu,1
ccamposhe,1
aboboros,1
eltaza,29
nikizillaa,1
seexyb0y,41
lawter_,1
karrich606,12
drawmationz,1
fath_om,4
ulexracing,1
debu_hakujin,1
notwitachu,1
whobeee,1
enzords3696,1
tucomaluc0,23
chibijacky,1
cauaamaro,12
blockomaniac,5
rep_301,1
am_janjo,1
gammachu1,9
yamashitake00,6
0xjuiian,2
ujnex,1
01_sakuna_01,1
katvolt,1
dushha,2
nubandokiaprende,1
laufromdiscord,1
nautminh,10
torrrys,1
lavasioth_specialist,8
cephadrome_cultist,9
beotodus_revolutionist,8
plesioth_apologist,7
lemonbuba,45
magicanimalboy1,1
bryca_rm,1
gigaboomb64,1
twotwoco_,4
bnfaistauer,2
rab1squin,1
manokaka,1
zayann_2z,1
loskitoski,3
bigbeetle999,1
wholesomeslacker,6
riftsilver,1
chobokin,2
zvertikov,1
japa2647,1
frosthief,1
muckmangaz,1
pedrimgamertv,1
ahebr360,22
thesarcasticgit,1
imponie,3
avianahtna,38
manu_kirium,1
shbeebie,3
nightlight678,6
logical_flamez,78
muiltipeal,4
dav0id2,2
thiagoikarus,1
lukewildcat,101
bsdavio,1
chuchummoofoo,3
sewappalling,16
chris_cookies,48
gingesoultakertgk,18
zackystardust,1
cool_breezee,1
swiftdarkness,85
bigdaddychadly,5
r3d_aravvus_glowd,2
leonisxi,1
goateejoe,1
oz_626,1
redacted_682,5
deblebb,1
carlostheheghog,12
desonomio,1
sprokkitt,5
argonzee,1
bloods0da,1
creepybloxy,1
imhurglet,3
skaram000sh,20
renren16,2
loggdarex,1
gayjared,1
vinibrbirum,1
bielriadh,1
brothology,1
ashengheist,3
blagelhargelyt,8
gibble_bob1210,1
shinichilling,2
joseonfireproduction,1
itsalder,2
muttski,4
g_brum,2
luizgumc,1
heiderns,1
ayubnilili,16
zelkod30,2
jabuticaba_ilegal,1
xdroid4,1
tm12gb,2
omegasis,1
fapapuch,1
jaffaking913,1
brudi2137,31
elytran_101,14
bonney150,1
upatu,1
phelben,1
vgbsrazarado,1
danielziii,1
littleme_00,1
dawnkn1ght,2
coolcatandrew,5
tio_kkakashi,6
vitor11229304,1
sodosnake,33
akara0775,1
taichi65,12
brothion,1
prefeitoderatanaba,1
catsoflight,1
blizzard_plus,1
bugvt,1
vervainquack,55
cheddargt,5
tomatof4rmer,10
hsgde,6
sabonete_de_dino,1
whalemanofficial,1
gronzoshow,1
yvtcicurcrctvuffufftt,1
gur0beetl3,2
centerpillow,1
neptune_the_guy,4
guccibard,2
caprisunlightblade,1
kelevra_oc,1
sandjetom1976,1
probjeremy,1
dragonkisser69,101
pdim7w7,4
bakurin_yakurin,1
dotsnooze,3
bvrti3,8
silly_woman_,7
afroquack,4
strangeblockcubey,66
dotcolin,1
trxterpanda,2
anda02,1
brenzo2099,1
axelnotl_,1
konata990,1
coolmedina117,1
wittu775,1
asprinjuice_,5
cloudelatte,1
capivaracaida,1
rotaryrotini,1
messi_xxxxx,2
kaike_jesus,1
jakeysgameys,25
ice_pikachu,1
dogedemon05,2
deezaruns,2
salvador242,63
ahkfd,6
xyzero14,24
imdur_,1
drackonosthehunter,1
jaydancer210,1
hoyhoy1st,22
ranero32,20
snorgasbored,1
abysswoofer,8
takalv,1
insaneblitz1,6
opnoodle,4
kadanjec,1
sencim,2
veradux___,2
gabmadrid,1
avampir_,1
beep_boopiii,8
swordberries,1
garreth404,80
kokoxuan,2
asmoulderingbagel,1
slayer_spectre,1
unsmited,1
pilkin_o7,44
negativeslimez,1
smithart,1
esquiiloalado,1
spectr8x,2
ninohoshi,1
claym15,12
kaibiscus,31
mriklo,1
floralbro,1
sonicexedisasterplayer,1
zeroinfo,1
dapotatotm,5
drewxflack_,1
pedrokkjkkk,2
ghiaccio_98,2
vixumi,2
penguin_md,2
nutthabignut,2
peskykuriboh,4
cazzix_,1
gato_pache,1
ratkki,1
junerc,1
necrophyte_,11
jay_p_,2
tales_666,1
kammcorder,1
draco5467,2
nicopico808,1
vortexinnkeeper,14
david201038,1
caillouzin,5
emiruxio,7
adpextwindong,2
peyyuzot,1
notbearclavv,43
bobaphxbia,1
thetyleroni13,1
pixelapex,89
fletcherrenn1,26
dezorbo,1
akairax,1
ruxten,44
purpleflerdle,2
ngocphat3,4
ribberts,6
donangelustv,1
vitaminadkiwi,1
rat_monky,27
itsyerboikai,2
tcm_murray,2
lalalaas,2
jeffersonxdfs,1
tonblethonble,2
mestrezennn,1
wulfricsvorgsen,4
loganoarranhista,1
ambient_oatmeal,1
rhythmseal,3
mat_seupai,1
sepuvg,1
unfairb_,2
papao_do_para,1
scoottmcdoot,1
andercade,2
lucas_matheus,1
matrix77yt,1
spaceoctoz,1
martins2010,1
trevbvn,1
ipingul,1
coldflash,9
0cavalcante,1
dunsparcemeta,1
0parallels,2
littlehuhu,1
aleijadone,2
sno198,1
michaelres,2
blucheeeeez,1
exquisite_custard,1
biansci_,88
octifakker,2
namelesskoala32,3
henrique_costa_silva,1
darkapokalypss,1
slimexvii,2
marchlite,65
blackteaaaaaaaa,1
greninjabombado,1
sentinal007,1
tateerrailcar,78
wildwolf1453,3
scuare_toad,1
songwave8000,1
newandrealchatter985,1
yopic1,25
damos1212,4
paocomovocruu,1
tothemax9ooo,4
sandfanboywastaken,9
thanshuny_wolf,1
11thelegendaryone11,1
luccamoreirardp5632,4
aelc__,2
mo0n_shine_,14
luviwashere,3
monarca1527,1
dapexists,1
joseph1fritz,1
fornai578,1
sskillerssa,2
l00ck1,2
wifezilla_,1
sicklylemon,32
hueitor_br,1
cubofeliz,2
jesuskuun,1
shacoharem,1
urdadnami,1
0niksu_7,1
lugiadrache,1
mrsummpy,6
lumenfall,1
catmongrel,2
chorlito1,1
chronah,69
tenfourapricot,1
bitgamer600,5
nugtalis,7
jules_0515,15
gamerfdwill,1
shrimpedrice,1
joanilson124,1
borabillmorreu,1
hqark,1
octogenius,118
isaiahplopp,1
renegade1e3t,1
rathalostea,2
anclaaa,1
chidiz,1
spacydiamondofc,1
misoki3,1
shaolinmatador65,2
hzjsjthj,1
dandy_sessions,2
levicatguy,18
chickhooks,1
xibition_,1
mineamigo,1
l0n31ygam3r,2
klundmuntri,4
ghuibul,29
gehwod,1
trinketlord,3
ntk_mg,3
sharkfacemagee,5
scushy_,5
ferno302,4
gog5562,2
norric_,1
devra17,2
lucas_hanna13,1
emizy___,2
faytefulkazoo,1
robs2547,39
laefar,1
hammybread,1
valst_,4
chotaro_,9
pangilli,5
srsmudge,1
kittyz123,1
instantradical,9
addamow,8
doumakkkkk,1
shadow_794,1
pleasantvoid,1
possiblyjoe,1
spaceydogey,2
redoniva,5
nirinho07,1
lapixota,1
nicklon,3
justgeoffrey_,3
pengunns,2
explosivekingdom,2
djdomo91656,1
kazoo_rat,2
marcyhunnie,1
cibine1,1
ftiergod,1
vanyeetus,3
garp_weeb,1
ngohionggg,1
acemimio,3
deepsavers,70
expiredcannedbread,45
royalleoknight,2
merlinusch,1
cindrr_,1
sycamors,1
solothefirsthero,1
marcuzo92,3
cristiang223,44
adamantinechelicerae,3
seexyg1rl,1
klovster,17
ezerox0,8
thermosocks,2
beegboie,4
maliviere_cnl,1
oxenford_,14
big_boy_water,1
firenope,88
yukioanjinch,2
faction37,1
gamergrimgg,7
tigerlilyknight,28
rusemastr,31
lumber_slumber,1
raidartist,3
executive_koala,1
lonskz,2
tobi90800junior,2
kll28sd31jfng249uvg3xcx1s,4
phoenix_smt,8
namkout,2
lasineid,1
atlas_catlas,1
daybreakerya,4
smartsparrowsurfer,6
27relic,36
dyonisioss,1
ffiiona,1
layeredcargo,52
silvernite2306,1
shishes_spirit,38
general_winter,1
baxah_,1
jonathan_ripoff,1
homotron8000,136
chutico_,1
beetleape_,86
starcinder03,4
parcsival,1
greenhoratio,2
clairreplicant,45
nirvanafanbr,3
jerma785,1
saiklex,1
biglouog,1
cinder_peach,1
xoriom,1
siily_creature,1
angie_dust0,1
pressingbutt0ns,46
cl4yson8,2
olympiannerd,1
ferrous_ferret,2
ostrosco,2
b00ls,11
bobzilladoge,15
mrracacuni,1
huuuuuha,1
cloudseaking,14
gabireidolag,1
therealpyrotf2,1
melonwizard_,5
konobam,1
eerielightts,1
octolimar,1
reppler,70
yanmarchi,1
cbkyunne,1
swiftike,2
tuberguy18,1
thincut,1
sokytime,2
masterkurkuma,3
cypsk,2
neuroriot,1
kaysunshine1,1
alex_vramby,1
charvhin,1
clusterfkuc,2
o_tal_lc,4
antisalt,6
brenzgaming2,4
rilf28,5
playbackphil,2
omnibruhstreams,4
luiz_henrique3636,1
simonhd30,1
rafshollow,1
b1_s1lv3r,1
e0ra_,5
elcriscab,1
creddles,1
driftyfoil9,1
premiumr99,4
gavin613,11
potatomash54,3
arrogant_prick,1
jetsum123,1
gblades13,5
thetruewes,7
finoeh,1
perenoh,2
stringcellist,7
eggs_any_style,84
niquel007,13
finnvt,13
milkzzz,1
still_smell,1
domi_wizza,12
diabowo,37
true_vermin,7
villainoflegend,17
tealeexd,2
j8sae,1
enddrattheend,19
jaxobplays,1
mistsplitter,2
sting760,27
quantum_quin,1
zealeptv,76
biobanane,1
bumblewumbs,1
dukerkiin,1
winds2157,23
nooooooooooooooooooooodle,17
suprum_,1
eefou,1
jm_pandaro,1
droogert345,32
atrozxc,1
spwooqi,2
arthurrasch,1
finluz_7,18
zaibatsu_tv,1
reptilerunt3,1
xornexe,1
rei_amo3ba,1
talkal,10
zegra2905,1
hellamander,13
fandearadir3000,2
mricefang,1
stanmcnormalguy,1
zegrame,7
rivnayv,1
hsnnbin,1
spartan_0208,1
kyojii,1
lylloe,1
ironveth,1
noobscrub_,2
bruninhofim0se,1
athirstyb0ii,1
fearsfortears,27
orruner,48
yelectroy,2
nothin__new,3
meb_o0,10
pencilprawn,3
replayer39,53
aliceburn,2
malusmallum,1
edwrd_,1
c_falcon16,1
rox3s_,4
skvialtr,3
gamagachivt,1
caciocavallo,80
kanithe,15
daverogue,1
zipzappoof,1
wazman,2
s1nnytv,1
kcnocko,1
carlubey_tubey,2
corethegamer,1
casualbeing,4
brickbrain__,3
pots__and__pans,1
lexaegis,1
itzz_juuh__,2
spectyyyyyy,19
softestpup,1
potatochipmatt,1
lykw0,1
skeef23,31
robby_or_rob_or_robert,9
dokunu,1
ideevo,40
walterlow,2
dapy_r,33
trillfortheworld,1
mitzoken,1
omegaweeb,1
kitkat8110,17
biggiekool,37
duonala,1
munchea,2
goombalubegaming,28
toadtem,10
czesciek,1
hykarusis,1
feargrimgard,5
tainalo2,1
idealvictim,3
cscs_v,26
lewid_,14
notkwin,3
flamboyant46,9
rangaleon,1
imm0rtalwaffles,63
detroph,1
cuwwwy,11
f3l1p3pv,1
tasvargaming,1
mrlazy_person,32
latincosmonaut,28
beanzfromyt,24
thatguybman731,1
mrrobotototo,11
kremdanieko,28
nltramturk,5
banezarian,1
lunchbox33,2
djiboutijones,7
giingerjesus,19
ted97331,14
udin_360,2
jan1zitos,1
twinethefool,51
za_cube,3
callmetiamat,9
apollo9657,2
rogdog24,1
scoriadeluxe,72
gmagala_,4
kernelsarah,1
fantasprite909,8
kaijump4,2
okamidude15,1
nebey,20
xephyrhorizon777,2
joeytwodicks,3
queen_kyrie,3
masterteddy,1
shutwig,2
fiendslayr76,1
sirspanks1,1
void0lizard,19
kujo2620,1
tru_moose,9
averizero,1
mrgoonie43,1
lousamodas,63
cubeskar,2
timozius_,62
hambo325,1
dynastyyyyy,1
butter2021,1
jo_rund,1
yo_its_zieg,7
vrchemical,2
gigginox_,10
timetotip,1
mightylemur033,1
eifep99,1
akiyatooo,1
prsrhkr,1
lukebarz,1
peco_mh,4
pixel_probably,1
goobert____,1
kaffy_1,2
butterednubbs,2
its_kioh,3
d4ntares,75
sloozegoozer,1
lockupthenew,8
vuren597,1
piloup_live,5
hirodtuo,44
ray_war,1
borosepheles,17
nerglia,45
soapdoish,63
neoblumbo,2
koocay,32
wetwaluigi,1
gutsmatos,1
karnosito,1
terribleninja11,8
verysmolverytiredkai__,4
freecoffees,16
zai2415,1
kelp__shake_,3
micro_maphia,11
lutherwilken23,1
contorivr,1
cvbnm7o,14
sonictheoriginator,4
genieszer,26
caribouwings,1
anaerrad,4
kurche_,3
hydroproix,9
tessellatedmachine,3
destinyboy,15
lightningdancer_,2
drainhaireater,24
millionarmedwitch,3
capman48,1
nightbleh,1
jojolt14,22
pepperonislammer,9
wpowell96,3
helious_ssb,1
sangie_ztax,1
leonbarbearian,1
fishkermit,1
averagedebt,12
milanesa_picante,1
losco_figuro,19
stemstar2,25
plaidmushroom,1
arb1ter_,2
jackpauler4lyfe,1
imperialzebra067,1
gojjirra,1
xyzerodrome,47
theinferneus,60
bakuyoshi,2
the_zone,1
cielo3k,7
pedro123420130,1
lizardking1470,1
tarlisu,5
agent_catcat,1
jime__03,1
veewoomy,24
morde666,1
blinky_online,2
daslipperyfox,1
everydayboy,1
mcricky1,2
thetestbread,4
ud3rs,5
scumurai,3
weather___boy,2
thom_mh,1
nfresco,7
pfkabum,23
stormy_rainlemon,51
funnynelson,1
eccentricsandal,5
whyvernics,5
glossyjades,2
topaz542,4
singouini,26
shizen_nomegami,1
subawuuu_,1
sebmarine_,33
itsnopeguy,2
galliahad1k,1
ciad__,1
goatchee5e,1
wyverneix31,3
oocram,12
relic909,5
caliyurei,17
voorhess,1
chef_foxxo,1
nicottixd,17
beansfrag,3
andersqt,1
merth1019,44
gogogatsu,14
voultz_,1
finix_eu,1
adamthegaming,26
kyoslilmonster,1
orkbraedan,5
lemon_moon_tea,2
string_lights,5
jonjonjonjon96,4
flyannscablerat,19
kai_joe_,34
aeonize_,8
monozyto,9
echelonfgc,2
doosh0510,1
crypto_o2,2
grimmund,38
mochiman123,17
kiwinaexe,1
pewwwpeww_,1
xylin13,1
virulent5,1
wispu456,6
1paoru,29
gaberocksyou,61
ryaku1000,1
alphax646,4
nahcocz,3
mightbesnowie,1
eldritch_jester,1
dylpicklez,1
chariotcreux,1
hazerus,1
spectravoltaza,11
guido_waskaa,12
zoeyggdrasil,2
idkguy1,1
shaug,12
flivy,1
strikestyx,35
little_fella_,2
velvet071,2
bolognatic,1
nnot,11
r1zzelli,1
ramhard,3
the_mansen,5
ogtomato,1
desgax,25
strixterr,15
pastasupper,6
currot,21
nyxnyxxyn,14
shallach,11
deraaa4,1
reebijeebi,1
yehbooi,67
thelarsinatorrex,1
theotterslide,55
xxshadowdustxx,24
mrlakraaaaaaaaaaaaaaaaaaa,1
saebias,18
cl_yel,51
wizzrobezc,7
arisothoth,22
thenooblordz,33
remindish,6
kaine6454,53
sushirats,1
tyteabags,11
nai2kay,2
wott17,1
probablypage,1
grogberg,37
andrewmartin,2
growybug,8
breceluu,55
3rik_999,2
hokulan1,3
bhostgerb,2
leapunt,23
dankledunks,64
flyannfan11,2
zyph73,23
astridthetransgirl,14
leletubby_,4
earthmaster13,4
imilesj,2
choccy_milk_enjoyer,1
thatjugo,1
nikodokars,2
moonheart68,1
temmie262,1
mellen___,7
bevinsipzsoda,41
jhinogre,1
d4r4kwym,5
allergictorye,16
dagnez,62
novetsuwu,63
st_persephone,1
rubystarbloom,1
unpronounceabiename,30
mommyman,2
dorf1,43
kazzyblevins,2
juliodraco,4
weemo_vr,5
weinertyme,1
cood,1
andriudaniels,1
kateu98,1
thatoddferret,2
nytehawke12,3
amillice__,3
aizuna,1
sozu_,5
xanju,10
better_cooler_vivi,2
django1441,5
rdusk_huntress,53
trogjarn,22
runesworn,64
1marcus,4
n0ctiz456,1
bluekret,1
rikardux,2
roboticgoat,2
fillyharmonic,5
kodduhh,3
violafrith,46
cynistic_de,1
likemike1174,8
tejianori,7
fyxcigis,21
auntgobbo,1
myhticrain,17
remydactyl,1
naomikon,4
shin0_yuh,4
grievy_z,6
rajmee__,1
s_n_o_w_y__,1
404egg,1
justuslynetta,1
kaniite,60
beechmus,10
brightsideabyss,1
jibbimikethephone,1
crunkychild,1
fryingpanman11,1
makeit_ekim,1
penguinodortio42,8
utadabb,12
danieldanida,17
drachenbuster,25
kanwarpal,1
sotxri,1
batduck225,3
chachow905,7
marshtomp1014,2
takumii917,9
umbral_hound,2
wolfy2902,49
okuu_flare,1
azzy_umbra,1
zombieslikehugs,2
cyanade0,11
ceruendiir,1
frangipanes,1
rickouiille,5
lukiwas,3
solamarelo,10
kendomori44,1
alexthebeepboop,2
koffeeconsumer,9
harumaki_gs,1
diako_lw,1
argontwoblades,1
matilyn_rf,9
vegetalanimal,21
honeymusso,2
yobri_,3
mu_ignis,1
patrickmanx,1
bullskull34,8
juzzy_twitch,1
azuxua,1
craytonex,2
pegablade,1
elvishminitour4,3
faze_dave20,1
dragonhunter003,15
euclideia,8
lachnessmonster,1
atomskpower,6
lootvt,4
inverty5,3
mia_more3,1
sherryshibe,5
aurinor912,2
zerolessfromyoutube,1
wndrz01,1
tealdragon13,1
ssidaartha,1
seiuntama,1
ghostberb2,9
spoopiiboi,1
cr4zyk1tty,7
puppiisa,1
e_rect,1
rajangburger,1
keith_chop,1
mememixtape,1
takennamealready,1
leo_irakuy,1
jim698,1
rhombushead,5
facebreakingpistols,1
yorha_type_a_no_2,1
alwin_lol,4
sonsaitama56,1
volcarona_wright,41
j0t4master,1
cosmo_1432,1
candymojo,15
mendovo,1
21magpies,22
giuseppeo,4
piriquito_das_quebrada,1
dittoburrito,7
ghst_wlf,18
beardman645,2
keyjam506,3
rubber_ducky321,1
skjell776,1
fenrir_vrc,38
j0nkori,1
ballstheoriginal,5
buckybuckworthbucktholome,12
rayyveil,7
fanimonki,2
krackatoa,1
sen_dometrium,1
farfungan,3
charlottelilu,3
leeks_21,12
erdbeermolke,2
ich_willkekse,2
smallghostbigthot,1
tytsty,15
the_joki_g,2
hacckysacck,34
crushingeagle,1
edwardmp4,2
redpandx_,1
secretplayzpc,5
prettyboyvini,18
lewtskie,5
villicine,7
affectless,1
freyacarrin,4
stebruffle,1
toonlinkgott,1
overhaul180,45
senorjigglypuff01,2
0rlandofurioso,1
smoke3345,10
dinogamer1228,13
selune__,9
lopakoi,15
wazzulu,25
boiledmaki,2
1tek_,1
lomeingang,2
spaten008,1
hub_batch,2
soggysheriff,10
gooburt_the_goober,19
john_monsterhunter,50
king_0f_th3_grap3s,7
archiemcw,1
squidellini,1
chrlsddd,1
marshal_ac,45
sour_gin,17
m29s,2
hofnerbass12,7
leenyan40,2
bigfellenergy,1
brxu12,1
trans_braixen,12
veisper,6
meseabass,4
ieatalotofrocks,3
zelvur,4
fellfia,49
claireplus,10
shinexros,1
scotte64,2
veryrealaccountdontworry,3
froggedman,1
iandaybread,1
sirgabr_el,1
kenniyyy,9
dbstudios2819,2
luckynumbers27,3
bigmanwastakentwice,1
disgraceful_skeleton,1
medchicken,1
salva97976,18
sirg4ndo,1
tameot,53
pancakeboi012,1
mr_pandaplaz24,2
meeeeeeepmop,2
mb_kaiser,2
ceno0o,7
cyphercy,1
broggywoggy,2
sp4mt0n1221,1
skinny_gibby,50
whatthesparklez,1
bunkars,8
leedleore,10
realfrostyct,11
somistoquente,4
punlecochon,1
rocky_mortadella,3
flyann3,2
ghostactivist,1
himppp,2
jvdrill,2
gangwolf2,24
steeledshield,28
parkiersky,3
mamasiccck,39
paravt,8
capssimistic,1
spektako,44
enzoforgets,1
joeviel,25
dudaques,4
demonku,2
rhytean,8
phantasmagi,21
augstradus,16
jueguezinho3,1
goodnobachono,1
bigbent0,2
ohniito,13
grubbus_,4
the_metalliator,3
agent_nos,2
themasterzelda,2
evilflyann,3
requiemvev0,1
xiisaghostx,57
chaotic111555,32
samius_lamius,3
zeltthepotatoboi,3
cosmic038,2
danilopronto,1
barry_the_twit,1
samgiojji,1
solariaselipce,3
grospii,2
knoedlboi,4
cedricleon,24
worthcolt664,1
jaydb525,2
splobee,15
aramirezn23,2
chabssssss,2
butterfiend,22
osfoldomonteschi,1
table_trey,2
rifr17,6
swampert1015,1
karmascorner1174,14
rrrezz,11
sergalbait,20
normakes,1
corycarpenter9,9
dancoworks,1
chargeboi,21
ltrain0311,12
n_g_da,2
memebotdd,2
nurpaul02,15
nonotuni_memetuni,2
ophelia161,22
fairykiz,2
silenthi11,2
tra1nsgirl,1
destinovakosantra,1
sylveonlink,1
skfriv,4
mumutoli,1
a_random_gay,6
tibla_art,1
nisithlithum,1
jaden_syh,6
voidsylph7,2
gunz0damonk,1
strawberrypossumluv,26
crankhog,10
mescool,1
zoldo0,3
yusafbalochh,9
chorusbass,1
otter_hatsune,1
potagrassa,2
dragonsighted,6
goddy2099,1
joshua_da,1
swifterovski,4
oiivaetiny,5
musashi87,1
1maxpain,1
balelynx_,1
glazmic_3,13
kinzohuehue,1
beandip15,4
serialrathkiller,18
tomaetosauce,3
demonic_muffin_,6
imankrynx,1
hezekielium,46
marc_saint,20
an71ma73,28
crosspointe123,1
shardandy,4
dexy_____,5
serapham007,1
mortissave,1
megafishman,14
sweeponwakeup,32
wemplethelad,9
dreillir,1
orothi,45
m3l3,9
decapitatedrat,1
elyldor_leans,1
gammasama,1
mothmanmcgraw,7
ragunachugs,15
beninbeds,1
ydotmid,9
the_hoov_,1
doe_moon,5
noxamane,1
fallnsunflowers,26
goomtar,1
grandmastercd,7
racethefox,10
nocterrn,2
alexhitman666,1
arc_angle,1
albertilloman,1
bick_in_a_dox,3
obelisk_1537,11
stachybotryspolycephalum,6
holyrory,37
degweb,2
soaphiroth,20
larryb0x,6
benyahman,43
cancermeanscrab,20
irisgoldfrey,1
soulmaster1998,3
decrepit_dan,1
xeraph06,23
floopymusic,2
tonyisdoom,1
wideeyedeel,1
veatto,7
ariel_indeed,2
grailly,1
freakmachine9000,44
playtationportable,1
jast00n,1
jojoron,1
queequegotoole,4
cantimj,3
bobopersonguy,5
toomanysteamgames,1
heggle_ston,1
rysil,1
dtend_dsmrm,5
vultoops,31
livin_d34d_girl,3
sarahdelayed,1
imcarbrrr,3
kajaran,3
janecapcom,1
dark_wolf235,4
zev_cy,6
yeahwell12,25
elglyphis,2
katoreaart,31
cohidxtub,37
nosleep_bk,2
macehead,8
wildwind1,5
hiroshi300,3
g00mh,1
kraveyuki,1
crumby_water,3
brxnxx,6
darkhedgie,1
beached_guac,9
softerpants,2
candyman69,1
justicegallant,2
ant4873,1
hiraki_,24
libracodex,1
blueforce_aero,2
ngpearince,15
gigithejester,1
new_richochet,3
flangonator,1
justagiraffe_,2
matishootereps,1
sirdamao,1
reidron_,1
averagepikario,1
rayraygumichan,1
mrstafur,19
nottstarr,5
to_likable,2
firesmoke40,5
nuclearraven11,1
corkaboom,1
kylejefferies,1
sn1peszz,1
twitchandrews32,12
namaku_matphan8,1
gilded_seraphim,2
lulolambo,1
sm_roii,2
goldtistic,3
dj_orkey,1
gentrigger,17
leeklandnews,3
roostmaster,1
theactualbread,2
deadguy7,2
sweggy_pete,6
sumdonuts,4
castorrefic98,1
n_ormus,15
abuurage,1
vodjok,1
yohanwrks,1
polyhedron20,1
owoxayah,1
elyiain,1
skrill2045,2
lillierabbit,1
zenithdesol,2
thefishmankoi,1
koolaidman1224,1
danny_knockout,1
vi_attygalle,2
sevaaru,5
bathezid,29
an0bserver,1
justlollygags,3
deivi_21c,1
jetgamer05,1
jackyboi147,1
bombasticbiatch,4
inquisitor_rob,1
xooshhh,3
happycamper121,1
sohca_,6
ardent5_,3
nathan246,1
doggoman900,4
genvantes,7
ovlori,3
lucinatea,1
ane_ng,1
scrabsi,1
botadamm,1
slothisgood,3
pequenotim,1
glaedr58,3
pebs,4
kuriibowl,1
eoika,1
loamff,14
arcadeer99,1
b0ssbop27,1
joehanzo9577,2
muncheee_,9
mynameis8ball,10
luciferin_,1
dansgabe,2
zamuraiitv,1
wanderingbluething,5
wallycastagnir,1
o_olampo_o,2
basedboo,1
wariza,38
onomononia,1
xph3ri3r,19
serthys1,1
kelioma,1
1shuckwe,16
gravediggerclub,2
kristy_sparks,2
larsonhere,2
astrodrak,2
milkermaniac,1
neocat__,1
vovevovee,1
daspoonman,1
joshuwottdelta,3
paipel,2
ballistix_guy99,8
archible,2
a_welsh_cat,13
ghoulgran,1
slayer94389,2
obi475,6
charlie_abe,3
lunar_bee27,7
regency_lux,1
casualmarcelo,2
issekaichan,1
nogametillbrooklyn,1
choppermanz,1
cervidae314,1
treifla,4
voxelheart,1
thrilling_game,41
gravelbones,1
xtremeds,1
cesarxlr,2
solidstranger,1
berserkerkaji,2
vipunen11,2
nova_plus,1
solhero,1
michybighands22,1
hakoakina,2
makscold5095,9
blockmaster4ever,31
dark_odo_garon,6
crispycloud2,1
syophe,29
d_ara_ara_k_,4
pez101,2
crossaintpastry,1
eyeofmini,1
pertti59,3
chobanyan,5
amberleaf30gram,4
korimh,1
spartanantonio,1
jakebelle,2
pltnmchozo,25
penguinvader,1
kriegerwut,1
deadlyconfuzion625,1
jim_puff,2
crimsonfox64,1
doublecrost,1
bazelsama,5
captainkhaoss,1
cirnein,1
omiteus,2
benski8889,30
ar_tyom,1
polluxtv_,1
saturnseptem,1
nationalbluebird196,1
goditachi1,1
rolpesokk,1
bingo_doce,1
leifache,1
n0uty,1
slipupttv,24
gyuppii,1
drakejane,8
midasnod,1
kyloneko,2
lophorina,1
rocky_nuge,1
deathrone035,2
mrpokethings,2
marblgotchi,3
apocalypseprime,23
ryanceles3,3
doschief,1
kamifree_,1
brohighvlady,6
venion_live,1
iutubbol0,1
mellontik,4
g0rbascend,1
mb_giggles,28
levi_guy,1
angeldanni_nj,10
rooshavik,15
uchihaheishi,1
gamergrl09,1
panniestyun,7
dosramm,1
croken85,1
ogpattison,1
silverfeather,1
wuupps,1
petitpicpus123,7
t_major,2
dezmain,1
pronouncedmelow,8
jevoneastham,1
soapiesteevee,1
jm4n1015,1
daothmir,1
zero_the_7th,1
nichdeinbrodie,26
sauce2o2o,12
toluj330,1
attejaime,1
cweed__,1
gr8ko,1
impossible909,5
7amreefermadness,1
c_j_wizard,2
scoobr,1
aerosfilis,1
zeno_magatama,1
ivory0ivory,3
lemonnomel34,3
raipaii,1
elo_porketo,5
lebigh59,1
pruitcake,1
nzraygo,13
kramlove,1
peanutpumch,3
eyoon6093,1
hertzer,1
astronyu_,7
salted_sweets_,5
donklive,1
kabbud,1
statenegative,12
evil214k,7
redclashking,6
vervainvt,5
fruvis,1
supergodultralid,23
bwahahahahahaahaha,1
earthtokenny,1
thekoroki,1
flyannscablecat,9
junkr0b0t,1
mizuwalks,4
themydog77,1
arnatuile_,17
kohimug,1
kovnks,2
brujaviola,1
ultimonkey1,13
wispbit,7
rayphoret,7
lunethff,1
leo_forzeth,2
rhuuarc,1
elativv,11
thanks_nothanks,13
jeliwyre,1
cyedon,1
chrazeee,32
dreamboum,8
lololo_yiye,6
lstr_nyx,4
lukacloud,1
doppelg3nger,1
lemymari,5
twofortypee,7
dr_kingboo,2
ovalyyn,4
takeo642,8
rhumah,7
sosleepysostill,6
danzeths,2
arogoto,7
quantumsno,3
ghostl0rd39,9
funnylittlemansmile,1
fgcmashharder,1
saaaalt,3
jjist,4
voidremora,9
atlas_stormfist,1
pogpals,2
the_h3rpa,4
guavachips,2
x1deadlyxninjax,25
ryulong02,1
mdub2326,15
xcisionplayer,10
mysticdistrict,22
baronpandacula,1
a__random__guy_,1
kotan_calli,8
ry3er,1
farlang,1
melfice_nova,7
completinitaliano,1
gialime,6
firekraken0415,1
syrupfx,1
julio98,1
arrow200311,1
mcchawa,2
polyglitch,1
muztika_,1
blurmarsh,1
megadook,1
zajola,11
brycelol,1
ryful_z3,1
itsmaxf4,1
jakeebtv,2
clocknomad,6
noman002,1
liviemilk,2
battl_symphony,1
fioriole,3
mojibaka,3
diziouf,20
verben9,3
malfireflies,1
milkfrogtv,1
mizuvolltropfen,22
phosrii,16
qudbo,2
shroomishgod,1
mace_mw,1
bennyboy__15,2
aguuguu,1
wyn0nyn,1
vertiguous,20
stuffandduff,2
lextersdab,15
doctorarcfire42,2
trynottofuse,8
idoso_gabriel,5
makudamusic,1
insaust,1
nokotamadashi,1
spectre1__6,17
drittehaelfte,1
link__im_not_zelda,1
fullk0rn,2
aged_rain,4
chairrrrrr0,10
yammiestyam,2
redplaguex,1
kibosekai64,1
1katharsis,4
jakob_675,1
duchess_skye,1
nosleep_nyc,7
kienergy_vt,1
pompadourmann,1
shadyguu,1
rickescalona57,24
superdflame,1
frogridaaaa,5
shirkstreams,1
nekron001,2
luketcc,1
funkshui_co,1
xmajwt,1
dennyi98,1
thecalamarth,1
gurmet123,13
bertbert12391,1
littlebearbambi,1
tobby_____,1
tigersnergy,1
monsterhunter399,2
adelzo,1
johnny_padilla,1
alt_key_,1
pandanati,3
uinntage,21
tierren,3
yapico,1
n3rdqueen,1
quackup,1
demonicsquidprime,12
billpeeps,3
monad_gaming,1
indrastormsong,1
skipper5050,3
pichugirl6,1
drigervs,1
strawberryy_sodaa,3
hotrobotcrabs,1
dodogaan,1
furf_1,2
wilsonxhouseyaoi,2
rpgfrog,1
meatybloke,2
sillyhavoc,1
eragon2503,22
labuffra,1
lyerrum,9
michaellamore,1
burwicke,1
2voids,1
hotdognr11,2
roseboundscythe,1
virdinand,19
kangbroseph,1
desertcrawler13,1
slyandthegang,16
addlctionzz,3
qliker64,1
cheesy_fishes,1
grekiro,7
coren52,1
kasablaz,4
zmobutontwitch,6
hortsplorts,1
avarisclari,1
noahtje333,1
kairosclockwork,1
lumi_starveil,1
ihavecake,1
upsettiestag,9
swevenam,1
cringedevil,1
wiltedretrytv,1
coolcat8997,1
funkyfrog0,1
orsonoo,1
disastersushi,8
finalflash09,3
lipigasoficial,1
bspartan,1
ian_fivenumbers,6
feyhaeven,4
kayeknox,1
holyfireheart100,12
phos679,1
jaxsouls,2
zci5250,4
milk_wizard,1
sirgek,2
questionable_0,4
radi0statiic,2
urgin0,1
rem1con,4
rubok4,1
gluvav,3
praktica_,1
slayer_of_nuggies,5
kisegawa_,1
xhiggy,1
lesbotron3000,9
cherryfairytv,1
lawlmakii,8
triface_,4
michanical,13
its_bem,1
nuraweick,1
raisssu,1
thescarletone,1
mephiston215,10
ianriddle_,5
blutsturz88,4
predthemed,1
petric0re_,5
tomohawk___,2
machkeynist,13
kennyoco,1
johnny_whoa,1
tfdzach,1
atarixfox,3
ben_cravs,1
tastysquid,1
prcano69,1
jotagp1,5
soetnows,8
rpgdinnin,1
handthemover,1
lioragaming,13
forthelolz1121,1
soapy_angel,2
nibelle_,13
marthfieri,1
dolphyn,1
tuskironi,1
zestyspinachsama,1
pearince,12
breedableboy42,8
jamprpbs,1
raenings,1
kaizenlagann,2
moooo_mooo,2
adalsb1,4
edgelordnyx,15
fooodddd,5
pixelatednurse,4
mel21ak,1
amerylis_,1
die__henne,2
sgt_frog_,1
silverlake0,3
pinco_ponco,1
beelzemalle,1
knightstrinity,4
uncreativesword,1
mistahchip,8
paternalputo,13
celticjordan,1
smallboops,1
filipzkonopi69,1
kiwi_assado,4
theslime641,1
cloudymusic,9
easypete985,7
khorvalar,1
mashel0091,8
frentier,5
ben_bq,41
lemon_gator,43
jaeden_ofthefilth,1
90sbadguy,10
mc_chomp,1
doomunit,1
alukais,8
jinji____,1
sun4r,1
r4ym0ndgg,1
1114jms,2
capodraste,4
breaking_madness,1
cbts004,1
canthidethewide,6
drew01179,1
inhergranddelusion,6
flyannscablemouse,6
becomelost,10
jsmashtech,1
lilithmh123,3
tati_spl,5
crzorcho,3
kierano00,1
metalfoxhound,1
spartan_227,2
zerosagent,3
bazeigoose,9
jurytortoise539,1
shaywhimsy,1
milk_soda_,1
wowwhoajeez,2
cannedicedtea,3
kayson_lebronze_feeder,4
tinywolfteeth,5
dogowanto,3
wayneium,3
dudelite,9
raxigis4,6
tuesdatt,4
makzwellxd,2
zeroclawzyyt67,3
efferblank,1
average________,3
moronmcawesome,6
vasabiboy,5
beanz_from_yt,1
kolyps0_,2
triggrhppy,1
kingkut,1
illuminlast,1
yemi_34,4
tristanpuzio,1
merc248,1
gum3lo,1
jawatheawsome202,1
rebraen,1
h3nrywhat3ver,1
vv0y4ger,3
bloody_r0se,1
xoxotongxoxo,1
elizabethvonbean,3
cptburtreynolds,4
kingofthebeats,3
lassthekass,1
chell517,2
shiroyami_4,5
leviathan_sys,2
stikrain,2
fenrir_ai,4
jefzi1,1
ignisfairgun,3
itsmeyashy,2
xxdahousexx,2
saintstractz,2
schinderknitzel,1
kadoastron,1
sihldcraft,3
birb_bard,2
akhmorgan,1
efsil,1
mana_xy,4
essenceofazure,3
viceroysky,1
fruitpunchsamuraiz,1
salamipapi_,1
pumbapete,1
outsiderlife,1
xandercats,1
blorple_,3
spinebreaker,1
jaeliwal,1
saintglabados,2
realunar_,2
wierdenn,2
ooodkoooo,2
bluebrainfur,2
peyvol,1
goldglass35723,1
sandarai,2
thesoulsenvy,2
silas_bvrdk,2
someonesghost_,2
caltrops06,1
reneg00mh,1
recklessprinny,1
ochre_bite,2
kushaladaoraa_,2
lazyminerva,2
jollyghost_,1
atomic1107,1
ddoubledipshit,1
ghostshadow008,1
soul_iss,1
dicksmasha,1
dargonbreath,1
mechawamp,1
ravenghoul2,1
wilkierys,1
tygarre,1
businesssenpai,1
",DefaulT,",0
